[
  {
    "id": "1b4487af-9314-4a69-b1f8-01176976bd13",
    "data": [
      {
        "text": "cancel my alarm for ",
        "userDefined": false
      },
      {
        "text": "10:45 PM",
        "alias": "time",
        "meta": "@sys.time",
        "userDefined": false
      }
    ],
    "isTemplate": false,
    "count": 0,
    "updated": 1533142082
  },
  {
    "id": "aa77f447-9cf8-4e4a-a28f-7ece1eb4c265",
    "data": [
      {
        "text": "Stop my alarm for ",
        "userDefined": false
      },
      {
        "text": "1:00 PM",
        "alias": "time",
        "meta": "@sys.time",
        "userDefined": false
      }
    ],
    "isTemplate": false,
    "count": 0,
    "updated": 1533142082
  },
  {
    "id": "f092c6fa-1cd8-4b18-a761-05219d9edecb",
    "data": [
      {
        "text": "Cancel my ",
        "userDefined": false
      },
      {
        "text": "5:45 PM",
        "alias": "time",
        "meta": "@sys.time",
        "userDefined": false
      },
      {
        "text": " alarm",
        "userDefined": false
      }
    ],
    "isTemplate": false,
    "count": 0,
    "updated": 1533142082
  },
  {
    "id": "81514a6f-cd0e-439c-a6f7-0686faca41b8",
    "data": [
      {
        "text": "Stop my ",
        "userDefined": false
      },
      {
        "text": "3 AM",
        "alias": "time",
        "meta": "@sys.time",
        "userDefined": false
      },
      {
        "text": " alarm",
        "userDefined": false
      }
    ],
    "isTemplate": false,
    "count": 0,
    "updated": 1533142082
  },
  {
    "id": "0aaa9344-e952-4d01-b5c6-bec2df908868",
    "data": [
      {
        "text": "Stop my alarm for ",
        "userDefined": false
      },
      {
        "text": "2 AM",
        "alias": "time",
        "meta": "@sys.time",
        "userDefined": false
      }
    ],
    "isTemplate": false,
    "count": 0,
    "updated": 1533142082
  }
]