[
  {
    "id": "90ac0ef9-6a5b-4b8c-8a53-c3e8c31547a2",
    "data": [
      {
        "text": "Charles",
        "meta": "@sys.ignore",
        "userDefined": false
      },
      {
        "text": " email ",
        "userDefined": false
      },
      {
        "text": "Caleb",
        "alias": "given-name",
        "meta": "@sys.given-name",
        "userDefined": true
      }
    ],
    "isTemplate": false,
    "count": 0,
    "updated": 1533422874
  },
  {
    "id": "cabeed59-05cd-49c5-b6c4-c9ac3065d5fd",
    "data": [
      {
        "text": "send an email to ",
        "userDefined": false
      },
      {
        "text": "me",
        "alias": "given-name",
        "meta": "@sys.given-name",
        "userDefined": true
      }
    ],
    "isTemplate": false,
    "count": 0,
    "updated": 1533422874
  },
  {
    "id": "27060da3-13ef-40cc-8a51-c4c8f1d2d7f5",
    "data": [
      {
        "text": "email ",
        "userDefined": false
      },
      {
        "text": "me",
        "alias": "given-name",
        "meta": "@sys.given-name",
        "userDefined": true
      }
    ],
    "isTemplate": false,
    "count": 0,
    "updated": 1533422874
  },
  {
    "id": "822f1855-8989-4c3d-b090-2f00bdd1745c",
    "data": [
      {
        "text": "Email ",
        "userDefined": false
      },
      {
        "text": "Chris",
        "alias": "given-name",
        "meta": "@sys.given-name",
        "userDefined": false
      }
    ],
    "isTemplate": false,
    "count": 0,
    "updated": 1533422874
  },
  {
    "id": "a5d67d3b-a17d-4f65-80ea-c92c2462d898",
    "data": [
      {
        "text": "Send an email to ",
        "userDefined": false
      },
      {
        "text": "Richard",
        "alias": "given-name",
        "meta": "@sys.given-name",
        "userDefined": false
      }
    ],
    "isTemplate": false,
    "count": 0,
    "updated": 1533422874
  }
]