[
  {
    "id": "31d0a3b8-216d-41a6-aa2f-ff4b2adb1ba2",
    "data": [
      {
        "text": "Give me a joke",
        "userDefined": false
      }
    ],
    "isTemplate": false,
    "count": 0,
    "updated": 1532810563
  },
  {
    "id": "a34726e2-16d1-4a11-a961-009b2dc66dc5",
    "data": [
      {
        "text": "can you say a joke",
        "userDefined": false
      }
    ],
    "isTemplate": false,
    "count": 0,
    "updated": 1532810563
  },
  {
    "id": "adcb7247-8522-47d5-b3bd-394b6207fd93",
    "data": [
      {
        "text": "Tell me a joke",
        "userDefined": false
      }
    ],
    "isTemplate": false,
    "count": 0,
    "updated": 1532810563
  },
  {
    "id": "4027a9a1-2e6a-4691-b96f-ba96d92add1f",
    "data": [
      {
        "text": "say a joke",
        "userDefined": false
      }
    ],
    "isTemplate": false,
    "count": 0,
    "updated": 1532810563
  }
]