[
  {
    "id": "aecbce11-e157-49c0-a90f-44d25f1445b0",
    "data": [
      {
        "text": "Access your memory",
        "userDefined": false
      }
    ],
    "isTemplate": false,
    "count": 0,
    "updated": 1533161073
  },
  {
    "id": "1a0dc47e-0070-4fad-bfce-3c79ab7e6ebf",
    "data": [
      {
        "text": "Memory access",
        "userDefined": false
      }
    ],
    "isTemplate": false,
    "count": 0,
    "updated": 1533161073
  },
  {
    "id": "94b8279c-2c28-4abe-b37a-aee27e56ba59",
    "data": [
      {
        "text": "I need to access your memory",
        "userDefined": false
      }
    ],
    "isTemplate": false,
    "count": 0,
    "updated": 1533161073
  }
]