[
  {
    "id": "4995729d-dc0c-404a-bcb8-b4c12c2e798c",
    "data": [
      {
        "text": "Set an alarm for ",
        "userDefined": false
      },
      {
        "text": "2:00 PM",
        "alias": "time",
        "meta": "@sys.time",
        "userDefined": false
      }
    ],
    "isTemplate": false,
    "count": 0,
    "updated": 1532652031
  },
  {
    "id": "569c47cd-52de-4319-a572-58a9c32f6c9f",
    "data": [
      {
        "text": "Set an alarm ",
        "userDefined": false
      },
      {
        "text": "at 5:45 AM",
        "alias": "time",
        "meta": "@sys.time",
        "userDefined": false
      }
    ],
    "isTemplate": false,
    "count": 0,
    "updated": 1532652031
  }
]