[
  {
    "id": "8df6fce1-ff54-4ef5-9460-5f2d6318dc50",
    "data": [
      {
        "text": "Send a message to ",
        "userDefined": false
      },
      {
        "text": "Dad",
        "alias": "given-name",
        "meta": "@sys.given-name",
        "userDefined": true
      }
    ],
    "isTemplate": false,
    "count": 0,
    "updated": 1533768077
  },
  {
    "id": "2304e4dd-db92-418e-91d0-8eb1e89cab78",
    "data": [
      {
        "text": "Text ",
        "userDefined": false
      },
      {
        "text": "Dad",
        "alias": "given-name",
        "meta": "@sys.given-name",
        "userDefined": true
      }
    ],
    "isTemplate": false,
    "count": 0,
    "updated": 1533768077
  },
  {
    "id": "2d5c4aa9-515b-450a-9074-6fcbeb0ba886",
    "data": [
      {
        "text": "Send a message to ",
        "userDefined": false
      },
      {
        "text": "Mom",
        "alias": "given-name",
        "meta": "@sys.given-name",
        "userDefined": true
      }
    ],
    "isTemplate": false,
    "count": 0,
    "updated": 1533768077
  },
  {
    "id": "a5ba4d9f-8cf4-4e28-ac29-5e6eb732224e",
    "data": [
      {
        "text": "Text ",
        "userDefined": false
      },
      {
        "text": "Mom",
        "alias": "given-name",
        "meta": "@sys.given-name",
        "userDefined": true
      }
    ],
    "isTemplate": false,
    "count": 0,
    "updated": 1533768077
  },
  {
    "id": "c2d45566-6482-4a43-80f5-3b9b40c1fbfc",
    "data": [
      {
        "text": "Send a message to ",
        "userDefined": false
      },
      {
        "text": "Rick",
        "alias": "given-name",
        "meta": "@sys.given-name",
        "userDefined": false
      }
    ],
    "isTemplate": false,
    "count": 0,
    "updated": 1533767980
  },
  {
    "id": "a68d638c-e4b1-4c28-ab1c-a8503c293e25",
    "data": [
      {
        "text": "Text ",
        "userDefined": false
      },
      {
        "text": "Emma",
        "alias": "given-name",
        "meta": "@sys.given-name",
        "userDefined": false
      }
    ],
    "isTemplate": false,
    "count": 0,
    "updated": 1533767980
  },
  {
    "id": "27f117b7-6332-468f-8bfe-149a9012f2a6",
    "data": [
      {
        "text": "Send a text to ",
        "userDefined": false
      },
      {
        "text": "Dave",
        "alias": "given-name",
        "meta": "@sys.given-name",
        "userDefined": false
      }
    ],
    "isTemplate": false,
    "count": 0,
    "updated": 1533767980
  }
]