[
  {
    "id": "5c225a3d-9051-4b40-8035-5bc54a0a8cb8",
    "data": [
      {
        "text": "Tell me a story",
        "userDefined": false
      }
    ],
    "isTemplate": false,
    "count": 0,
    "updated": 1533144613
  },
  {
    "id": "8ae57a7a-b2c5-428e-813f-f6cd153b3ece",
    "data": [
      {
        "text": "Tell me a cool story",
        "userDefined": false
      }
    ],
    "isTemplate": false,
    "count": 0,
    "updated": 1533144613
  },
  {
    "id": "afbb7b2f-1e07-4430-905f-456c26a06dbc",
    "data": [
      {
        "text": "Tell me a story, ",
        "userDefined": false
      },
      {
        "text": "charles",
        "alias": "given-name",
        "meta": "@sys.given-name",
        "userDefined": false
      }
    ],
    "isTemplate": false,
    "count": 0,
    "updated": 1533144613
  },
  {
    "id": "536ed8ae-e23e-4a47-9b09-47d8328c9da3",
    "data": [
      {
        "text": " Tell me a better story",
        "userDefined": false
      }
    ],
    "isTemplate": false,
    "count": 0,
    "updated": 1533144613
  },
  {
    "id": "ba3cfc43-d12b-4337-9df6-8ed4d52f5fe2",
    "data": [
      {
        "text": "Give me a story",
        "userDefined": false
      }
    ],
    "isTemplate": false,
    "count": 0,
    "updated": 1533144613
  }
]