[
  {
    "id": "fa95e03f-79f7-4b4a-a6e2-682201a38077",
    "data": [
      {
        "text": "What\u0027s the time",
        "userDefined": false
      }
    ],
    "isTemplate": false,
    "count": 0,
    "updated": 1532813112
  },
  {
    "id": "7610c594-790b-4e46-9891-fe8ae8859735",
    "data": [
      {
        "text": "What time is it",
        "userDefined": false
      }
    ],
    "isTemplate": false,
    "count": 0,
    "updated": 1532813112
  },
  {
    "id": "1aa67191-6977-47c1-ad42-e56077f8de3b",
    "data": [
      {
        "text": "Is it after noon",
        "userDefined": false
      }
    ],
    "isTemplate": false,
    "count": 0,
    "updated": 1532813112
  }
]