[
  {
    "id": "2eb789f3-e928-4e37-b0ea-c6c76555d725",
    "data": [
      {
        "text": "How\u0027s the weather",
        "userDefined": false
      }
    ],
    "isTemplate": false,
    "count": 0,
    "updated": 1532813008
  },
  {
    "id": "a95136a1-6c96-46f4-ac5e-446f560b230f",
    "data": [
      {
        "text": "What are the skies like for ",
        "userDefined": false
      },
      {
        "text": "today",
        "alias": "date",
        "meta": "@sys.date",
        "userDefined": false
      }
    ],
    "isTemplate": false,
    "count": 0,
    "updated": 1532813008
  },
  {
    "id": "608a47cc-0638-469a-8338-1415c865d000",
    "data": [
      {
        "text": "What\u0027s the weather like ",
        "userDefined": false
      },
      {
        "text": "today",
        "alias": "date",
        "meta": "@sys.date",
        "userDefined": false
      }
    ],
    "isTemplate": false,
    "count": 0,
    "updated": 1532813008
  },
  {
    "id": "31abac23-c251-4bc7-b78b-ab6a7e51522d",
    "data": [
      {
        "text": "What is the temperature",
        "userDefined": false
      }
    ],
    "isTemplate": false,
    "count": 0,
    "updated": 1532813008
  }
]