[
  {
    "id": "d5a085ff-0382-4e0f-b8ca-832bb414e779",
    "data": [
      {
        "text": "would you tell me your name?",
        "userDefined": false
      }
    ],
    "isTemplate": false,
    "count": 0,
    "updated": 1533160180
  },
  {
    "id": "f47288c9-dbf7-445d-b6a6-827ffdc3a7ee",
    "data": [
      {
        "text": "What is your name",
        "userDefined": false
      }
    ],
    "isTemplate": false,
    "count": 0,
    "updated": 1533160180
  },
  {
    "id": "f756fbc7-e639-4bc1-a38a-275977deeb22",
    "data": [
      {
        "text": "What\u0027s your name?",
        "userDefined": false
      }
    ],
    "isTemplate": false,
    "count": 0,
    "updated": 1533160180
  },
  {
    "id": "d6095477-508a-483b-a8a2-8da67b6e25d6",
    "data": [
      {
        "text": "give me your name",
        "userDefined": false
      }
    ],
    "isTemplate": false,
    "count": 0,
    "updated": 1533160180
  }
]